DROP TABLE IF EXISTS students;
DROP TABLE IF EXISTS institute;
DROP TABLE IF EXISTS admission;
DROP TABLE IF EXISTS groups;
DROP TABLE IF EXISTS subjects;
DROP TABLE IF EXISTS subj_inst;
DROP TABLE IF EXISTS session_results;


CREATE TABLE students(
		id INTEGER PRIMARY KEY, 
		surname TEXT NOT NULL, 
		name TEXT NOT NULL, 
		patronymic TEXT NULL, 
		bdate DATA NOT NULL, 
		sex BOOLEAN NOT NULL
);

INSERT INTO students VALUES
(1, 'Ашрятова', 'Римма', 'Равильевна', '2000-11-23', 1),
(2, 'Борисов', 'Александр', 'Юрьевич', '2000-04-16', 0),
(3, 'Гарин', 'Максим', 'Александрович', '2000-07-04', 0),
(4, 'Головатюк', 'Анастасия', 'Михайловна', '2000-11-13', 1),
(5, 'Горбунов', 'Андрей', 'Александрович', '2000-06-11', 0),
(6, 'Гуськов', 'Артем', 'Сергеевич', '2000-05-04', 0),
(7, 'Дворянинова', 'Дарья', 'Алексеевна', '2000-07-15', 1),
(8, 'Еделева', 'Юлия', 'Павловна', '2000-08-22', 1),
(9, 'Зевайкин', 'Андрей', 'Евгеньевич', '2000-03-07', 0),
(10, 'Исоков', 'Асадбек', 'Анваржонович', '2000-07-13', 0),
(11, 'Казакова', 'Ирина', 'Сергеевна', '2000-02-12', 1),
(12, 'Квашнин', 'Кирилл', 'Алексеевич', '1999-03-06', 0),
(13, 'Кирдюшкин', 'Данила', 'Владимирович', '2000-09-30', 0),
(14, 'Пупкин', 'Василий', 'Иванович', '2000-01-01', 0);

CREATE TABLE institute(
		id INTEGER PRIMARY KEY,
		name TEXT NOT NULL
);

INSERT INTO institute VALUES 
(1, 'Математика и компьютерные науки'),
(2, 'Фундаментальная информатика'),
(3, 'Прикладная математика и информатика'),
(4, 'Програмная инженирия');


CREATE TABLE admission(
		student_id INTEGER,
		data DATE NOT NULL,
		institute_id INTEGER,
		FOREIGN KEY (student_id) REFERENCES students(id) ON DELETE CASCADE,
		FOREIGN KEY (institute_id) REFERENCES institute(id) ON DELETE CASCADE
);

INSERT INTO admission VALUES
(1, '2018-09-01', 1),
(2, '2018-09-01', 1),
(3, '2018-09-01', 1),
(4, '2018-09-01', 2),
(5, '2018-09-01', 2),
(6, '2018-09-01', 2),
(7, '2018-09-01', 2),
(8, '2018-09-01', 3),
(9, '2018-09-01', 3),
(10, '2018-09-01', 3),
(11, '2018-09-01', 4),
(12, '2018-09-01', 4),
(13, '2018-09-01', 4),
(14, '2019-09-01', 1);


CREATE TABLE groups(
		student_id INTEGER,
		inst_id INTEGER,
		group_name text not null,
		FOREIGN KEY (inst_id) REFERENCES admission(institute_id) ON DELETE CASCADE,
		FOREIGN KEY (student_id) REFERENCES students(id) ON DELETE CASCADE	
);

INSERT INTO groups(student_id, inst_id, group_name) 
select a.student_id, a.institute_id , cast(cast(ROUND((JULIANDAY(DATE('now')) - JULIANDAY(data))/360) as integer)as text) ||'0'|| cast(institute_id as text) AS course from admission as a;

CREATE TABLE subjects(
		id INTEGER PRIMARY KEY,
		name VARCHAR NOT NULL,
		cert_type1 integer  NULL check(cert_type1 = 0 or cert_type1 = 1 or cert_type1 = NULL),
		study_time1 INTEGER  NULL,
		cert_type2 integer  NULL check(cert_type2 = 0 or cert_type1 = 2 or cert_type2 = NULL),
		study_time2 INTEGER NULL,
		course integer not null
);

BEGIN;
INSERT INTO subjects VALUES (1, 'История', 1, 144, Null, Null, 1);
INSERT INTO subjects VALUES (2, 'Иностранный язык', 0, 108, 0, 108, 1);
INSERT INTO subjects VALUES (3, 'Физическая культура', 0, 72, Null, Null, 1);
INSERT INTO subjects VALUES (4, 'Безопасность жизнедеятельности', Null, Null, 0, 108, 1);
INSERT INTO subjects VALUES (5, 'Математический анализ-I', 0, 180, Null, Null, 1);
INSERT INTO subjects VALUES (6, 'Математический анализ-II', Null, Null, 0, 180, 1);
INSERT INTO subjects VALUES (7, 'Алгебра и геометрия', 0, 180, 1, 180, 1);
INSERT INTO subjects VALUES (8, 'Основы программирования', 0, 108, 1, 144, 1);
INSERT INTO subjects VALUES (9, 'Алгоритмы и анализ сложности', Null, Null, 1, 144, 1);
INSERT INTO subjects VALUES (10, 'Аналитическая геометрия', 1, 144, Null, Null, 1);
INSERT INTO subjects VALUES (11, 'Введение в направление', 0, 72, Null, Null, 1);
INSERT INTO subjects VALUES (12, 'Элективные курсы по физической культуре', Null, Null, 0, 108, 1);
INSERT INTO subjects VALUES (13, 'Нечеткие множества', Null, Null, 0, 72, 1);
INSERT INTO subjects VALUES (14, 'Конечные графы', Null, Null, 0, 72, 1);

INSERT INTO subjects VALUES (15, 'Экономика', Null, Null, 0, 108, 2);
INSERT INTO subjects VALUES (16, 'Русский язык и культура речи', Null, Null, 0, 72, 2);
INSERT INTO subjects VALUES (17, 'Иностранный язык', 1, 144, Null, Null, 2);
INSERT INTO subjects VALUES (18, 'Дифференциальные уравнения', 1, 144, 1, 144, 2);
INSERT INTO subjects VALUES (19, 'Дискретная математика', 0, 72, 1, 144, 2);
INSERT INTO subjects VALUES (20, 'Теория автоматов и формальных языков', Null, Null, 0, 108, 2);
INSERT INTO subjects VALUES (21, 'Языки программирования', 1, 144, Null, Null, 2);
INSERT INTO subjects VALUES (22, 'Культурология', 0, 72, Null, Null, 2);
INSERT INTO subjects VALUES (23, 'Кратные интегралы и ряды-I', 0, 180, Null, Null, 2);
INSERT INTO subjects VALUES (24, 'Комплексный анализ', Null, Null, 1, 180, 2);
INSERT INTO subjects VALUES (25, 'Кратные интегралы и ряды-II', Null, Null, 0, 180, 2);
INSERT INTO subjects VALUES (26, 'Архитектура вычислительных систем', 0, 72, Null, Null, 2);
INSERT INTO subjects VALUES (27, 'Компьютерные сети', Null, Null, 0, 108, 2);
INSERT INTO subjects VALUES (28, 'Элективные курсы по физической культуре', 0, 108, 0, 112, 2);
INSERT INTO subjects VALUES (29, 'Алгоритмы теории чисел', 0, 72, Null, Null, 2);
INSERT INTO subjects VALUES (30, 'Решение zaдач средствами инженерных и математических пакетов прикладных программ', 0, 72, Null, Null, 2);

INSERT INTO subjects VALUES (31, 'Философия', Null, Null, 0, 0, 3);
INSERT INTO subjects VALUES (32, 'Правоведение', 0, 72, Null, Null, 3);
INSERT INTO subjects VALUES (33, 'Социология', Null, Null, 0, 0, 3);
INSERT INTO subjects VALUES (34, 'Математическая логика и теория алгоритмов', 1, 180, Null, Null, 3);
INSERT INTO subjects VALUES (35, 'Теория вероятностей и математическая статистика', Null, Null, 0, 0, 3);
INSERT INTO subjects VALUES (36, 'Методы оптимизации и исследование операций', Null, Null, 1, 1, 3);
INSERT INTO subjects VALUES (37, 'Физика', 0, 108, Null, Null, 3);
INSERT INTO subjects VALUES (38, 'Операционные системы', Null, Null, 0, 0, 3);
INSERT INTO subjects VALUES (39, 'Технологии баз данных', Null, Null, 1, 1, 3);
INSERT INTO subjects VALUES (40, 'Функциональный анализ', 1, 180, Null, Null, 3);
INSERT INTO subjects VALUES (41, 'Офисное программирование', 1, 144, Null, Null, 3);
INSERT INTO subjects VALUES (42, 'Программная инженерия', 0, 72, Null, Null, 3);
INSERT INTO subjects VALUES (43, 'Компьютерная графика', Null, Null, 0, 0, 3);
INSERT INTO subjects VALUES (44, 'Программирование и современные Интернет-технологии', 2, 144, Null, Null, 3);
INSERT INTO subjects VALUES (45, 'Принципы разработки параллельных программ и основы программирования с использованием MPI', 2, 144, Null, Null, 3);
INSERT INTO subjects VALUES (46, 'Решение прикладных задач на C++', Null, Null, 1, 1, 3);
INSERT INTO subjects VALUES (47, 'Проектирование распределенных баз данных', Null, Null, 1, 1, 3);
INSERT INTO subjects VALUES (48, 'Работа с удаленными базами данных', Null, Null, 1, 1, 3);
INSERT INTO subjects VALUES (49, 'Параллельное программирование с использованием технологии OpenMP', Null, Null, 1, 1, 3);
INSERT INTO subjects VALUES (50, 'Языковые средства поддержки сценариев Windows', 0, 108, Null, Null, 3);
INSERT INTO subjects VALUES (51, 'Сетевые языки и веб-программирование', Null, Null, 0, 0, 3);
INSERT INTO subjects VALUES (52, 'Лингвистические и культурно-исторические особенности мордовского края', Null, Null, 0, 0, 3);

INSERT INTO subjects VALUES (53, 'Психология', Null, Null, 0, 72, 4);
INSERT INTO subjects VALUES (54, 'Вычислительные методы', 1, 108, Null, Null, 4);
INSERT INTO subjects VALUES (55, 'Иностранный язык для профессиональной коммуникации', 0, 72, Null, Null, 4);
INSERT INTO subjects VALUES (56, 'Математические модели экономики', 0, 72, Null, Null, 4);
INSERT INTO subjects VALUES (57, 'Теория кодирования', 2, 108, Null, Null, 4);
INSERT INTO subjects VALUES (58, 'Технологии создания приложений баз данных', 2, 108, Null, Null, 4);
INSERT INTO subjects VALUES (59, 'Интеллектуальные системы', 0, 72, Null, Null, 4);
INSERT INTO subjects VALUES (60, 'CASE-технологии', Null, Null, 1, 144, 4);
INSERT INTO subjects VALUES (61, 'Социальные и этические вопросы информационных технологий', Null, Null, 0, 72, 4);
INSERT INTO subjects VALUES (62, 'Политология', 0, 72, Null, Null, 4);
INSERT INTO subjects VALUES (63, 'История и методология математики и информатики', 0, 72, Null, Null, 4);
INSERT INTO subjects VALUES (64, 'Бухгалтерский учет', 0, 72, Null, Null, 4);
INSERT INTO subjects VALUES (65, 'История современной России', Null, Null, 0, 72, 4);
INSERT INTO subjects VALUES (66, 'История культуры Мордовии', Null, Null, 0, 72, 4);
INSERT INTO subjects VALUES (67, 'Прикладные методы теории вероятностей', 0, 108, Null, Null, 4);
INSERT INTO subjects VALUES (68, 'Прикладные аспекты случайных процессов', 0, 108, Null, Null, 4);
INSERT INTO subjects VALUES (69, 'Психология личности и профессиональное самоопределение', 0, 108, Null, Null, 4);
INSERT INTO subjects VALUES (70, 'Методы защиты информации', Null, Null, 1, 144, 4);
INSERT INTO subjects VALUES (71, 'Введение в параллельные вычисления', Null, Null, 1, 144, 4);
INSERT INTO subjects VALUES (72, 'Технологии социальной адаптации', Null, Null, 1, 144, 4);
INSERT INTO subjects VALUES (73, 'VBA и автоматизация Windows-приложений', 2, 108, Null, Null, 4);
INSERT INTO subjects VALUES (74, 'Программирование для процессоров различных архитектур', 2, 108, Null, Null, 4);
INSERT INTO subjects VALUES (75, 'Объектно-ориентированное программирование на языках высокого уровня', Null, Null, 1, 108, 4);
INSERT INTO subjects VALUES (76, 'Современные вычислительные методы прикладной математики', Null, Null, 1, 108, 4);
INSERT INTO subjects VALUES (77, 'Адаптивные информационные и коммуникационные технологии', Null, Null, 1, 108, 4);
INSERT INTO subjects VALUES (78, 'Системы информационной безопасности предприятия', Null, Null, 0, 72, 4);
INSERT INTO subjects VALUES (79, 'Программное обеспечение математических моделей', Null, Null, 0, 72, 4);
COMMIT;

CREATE TABLE subj_inst(
	subj_id INTEGER,
	institute_id INTEGER,
	FOREIGN KEY (subj_id) REFERENCES subjects(id) ON DELETE CASCADE,
	FOREIGN KEY (institute_id) REFERENCES institute(id) ON DELETE CASCADE
);

INSERT INTO subj_inst VALUES
(1, 1),
(1, 2),
(1, 3),
(1, 4),
(2, 1),
(2, 2),
(3, 1),
(4, 1),
(4, 2),
(5, 1),
(5, 2),
(6, 1),
(6, 2),
(6, 3),
(6, 4),
(7, 1),
(7, 2),
(7, 3),
(7, 4),
(8, 1),
(8, 2),
(9, 1),
(10, 1),
(10, 2),
(11, 1),
(12, 1),
(12, 2),
(13, 1),
(13, 2),
(13, 3),
(13, 4),
(14, 1),
(14, 2),
(15, 1),
(16, 1),
(16, 2),
(17, 1),
(17, 2),
(17, 3),
(18, 1),
(18, 2),
(18, 3),
(19, 1),
(19, 2),
(19, 3),
(20, 1),
(20, 2),
(21, 1),
(22, 1),
(22, 2),
(23, 1),
(23, 2),
(24, 1),
(24, 2),
(24, 3),
(24, 4),
(25, 1),
(25, 2),
(25, 3),
(25, 4),
(26, 1),
(26, 2),
(27, 1),
(27, 2),
(27, 3),
(27, 4),
(28, 1),
(28, 2),
(29, 1),
(29, 2),
(30, 1),
(30, 2),
(30, 3),
(31, 1),
(32, 1),
(32, 2),
(33, 1),
(33, 2),
(33, 3),
(34, 1),
(34, 2),
(34, 3),
(34, 4),
(35, 1),
(35, 2),
(35, 3),
(35, 4),
(36, 1),
(36, 2),
(36, 3),
(37, 1),
(37, 2),
(37, 3),
(38, 1),
(38, 2),
(39, 1),
(40, 1),
(40, 2),
(40, 3),
(40, 4),
(41, 1),
(42, 1),
(42, 2),
(42, 3),
(42, 4),
(43, 1),
(44, 1),
(44, 2),
(44, 3),
(44, 4),
(45, 1),
(45, 2),
(45, 3),
(46, 1),
(47, 1),
(47, 2),
(47, 3),
(48, 1),
(49, 1),
(49, 2),
(49, 3),
(50, 1),
(51, 1),
(51, 2),
(51, 3),
(51, 4),
(52, 1),
(52, 2),
(53, 1),
(53, 2),
(53, 3),
(53, 4),
(54, 1),
(54, 2),
(55, 1),
(55, 2),
(55, 3),
(55, 4),
(56, 1),
(56, 2),
(56, 3),
(57, 1),
(57, 2),
(57, 3),
(57, 4),
(58, 1),
(59, 1),
(59, 2),
(59, 3),
(59, 4),
(60, 1),
(60, 2),
(60, 3),
(61, 1),
(61, 2),
(62, 1),
(63, 1),
(63, 2),
(63, 3),
(64, 1),
(65, 1),
(65, 2),
(65, 3),
(66, 1),
(67, 1),
(68, 1),
(69, 1),
(69, 2),
(69, 3),
(69, 4),
(70, 1),
(70, 2),
(70, 3),
(70, 4),
(71, 1),
(71, 2),
(71, 3),
(71, 4),
(72, 1),
(73, 1),
(74, 1),
(75, 1),
(75, 2),
(75, 3),
(75, 4),
(76, 1),
(76, 2),
(76, 3),
(76, 4),
(77, 1),
(77, 2),
(77, 3),
(78, 1),
(78, 2),
(78, 3),
(78, 4),
(79, 1),
(79, 2);

CREATE TABLE session_results(
		id INTEGER PRIMARY KEY,
		student_id INTEGER,
		subj_id INTEGER,
		points INTEGER NOT NULL DEFAULT 0 CHECK(points <= 100 and points>=0),
		FOREIGN KEY (subj_id) REFERENCES subjects(id) ON DELETE CASCADE,
		FOREIGN KEY (student_id) REFERENCES students(id) ON DELETE CASCADE
);

INSERT INTO session_results VALUES
(1, 1, 1, 54),
(2, 1, 6, 55),
(3, 1, 7, 84),
(4, 1, 13, 65),
(5, 1, 17, 81),
(6, 1, 18, 76),
(7, 1, 19, 71),
(8, 1, 24, 97),
(9, 1, 25, 90),
(10, 1, 27, 53),
(11, 1, 30, 99),
(12, 1, 33, 89),
(13, 1, 34, 99),
(14, 1, 35, 99),
(15, 1, 36, 71),
(16, 1, 37, 95),
(17, 1, 40, 74),
(18, 1, 42, 54),
(19, 1, 44, 90),
(20, 1, 45, 76),
(21, 1, 47, 92),
(22, 1, 49, 55),
(23, 1, 51, 99),
(24, 1, 53, 68),
(25, 1, 55, 95),
(26, 1, 56, 71),
(27, 1, 57, 92),
(28, 1, 59, 77),
(29, 1, 60, 91),
(30, 1, 63, 71),
(31, 1, 65, 91),
(32, 1, 69, 91),
(33, 1, 70, 61),
(34, 1, 71, 83),
(35, 1, 75, 69),
(36, 1, 76, 83),
(37, 1, 77, 98),
(38, 1, 78, 95),
(39, 2, 1, 51),
(40, 2, 6, 61),
(41, 2, 7, 85),
(42, 2, 13, 72),
(43, 2, 17, 69),
(44, 2, 18, 86),
(45, 2, 19, 85),
(46, 2, 24, 84),
(47, 2, 25, 80),
(48, 2, 27, 65),
(49, 2, 30, 88),
(50, 2, 33, 67),
(51, 2, 34, 57),
(52, 2, 35, 68),
(53, 2, 36, 55),
(54, 2, 37, 73),
(55, 2, 40, 65),
(56, 2, 42, 84),
(57, 2, 44, 99),
(58, 2, 45, 92),
(59, 2, 47, 57),
(60, 2, 49, 79),
(61, 2, 51, 60),
(62, 2, 53, 79),
(63, 2, 55, 64),
(64, 2, 56, 70),
(65, 2, 57, 90),
(66, 2, 59, 53),
(67, 2, 60, 66),
(68, 2, 63, 62),
(69, 2, 65, 82),
(70, 2, 69, 97),
(71, 2, 70, 69),
(72, 2, 71, 61),
(73, 2, 75, 51),
(74, 2, 76, 69),
(75, 2, 77, 90),
(76, 2, 78, 92),
(77, 3, 1, 76),
(78, 3, 6, 70),
(79, 3, 7, 65),
(80, 3, 13, 71),
(81, 3, 17, 93),
(82, 3, 18, 72),
(83, 3, 19, 58),
(84, 3, 24, 61),
(85, 3, 25, 92),
(86, 3, 27, 69),
(87, 3, 30, 88),
(88, 3, 33, 52),
(89, 3, 34, 82),
(90, 3, 35, 97),
(91, 3, 36, 73),
(92, 3, 37, 70),
(93, 3, 40, 56),
(94, 3, 42, 66),
(95, 3, 44, 86),
(96, 3, 45, 100),
(97, 3, 47, 73),
(98, 3, 49, 73),
(99, 3, 51, 60),
(100, 3, 53, 63),
(101, 3, 55, 74),
(102, 3, 56, 86),
(103, 3, 57, 66),
(104, 3, 59, 72),
(105, 3, 60, 90),
(106, 3, 63, 57),
(107, 3, 65, 76),
(108, 3, 69, 72),
(109, 3, 70, 71),
(110, 3, 71, 78),
(111, 3, 75, 100),
(112, 3, 76, 78),
(113, 3, 77, 76),
(114, 3, 78, 93),
(115, 4, 1, 67),
(116, 4, 6, 82),
(117, 4, 7, 76),
(118, 4, 13, 94),
(119, 4, 17, 64),
(120, 4, 18, 52),
(121, 4, 19, 58),
(122, 4, 24, 59),
(123, 4, 25, 58),
(124, 4, 27, 74),
(125, 4, 30, 56),
(126, 4, 33, 56),
(127, 4, 34, 76),
(128, 4, 35, 59),
(129, 4, 36, 92),
(130, 4, 37, 90),
(131, 4, 40, 66),
(132, 4, 42, 93),
(133, 4, 44, 56),
(134, 4, 45, 77),
(135, 4, 47, 55),
(136, 4, 49, 70),
(137, 4, 51, 70),
(138, 4, 53, 53),
(139, 4, 55, 93),
(140, 4, 56, 70),
(141, 4, 57, 70),
(142, 4, 59, 53),
(143, 4, 60, 83),
(144, 4, 63, 92),
(145, 4, 65, 100),
(146, 4, 69, 56),
(147, 4, 70, 54),
(148, 4, 71, 67),
(149, 4, 75, 85),
(150, 4, 76, 78),
(151, 4, 77, 70),
(152, 4, 78, 63),
(153, 5, 1, 100),
(154, 5, 6, 78),
(155, 5, 7, 74),
(156, 5, 13, 56),
(157, 5, 17, 51),
(158, 5, 18, 85),
(159, 5, 19, 75),
(160, 5, 24, 71),
(161, 5, 25, 53),
(162, 5, 27, 87),
(163, 5, 30, 78),
(164, 5, 33, 51),
(165, 5, 34, 64),
(166, 5, 35, 92),
(167, 5, 36, 73),
(168, 5, 37, 96),
(169, 5, 40, 68),
(170, 5, 42, 83),
(171, 5, 44, 68),
(172, 5, 45, 80),
(173, 5, 47, 69),
(174, 5, 49, 72),
(175, 5, 51, 51),
(176, 5, 53, 80),
(177, 5, 55, 85),
(178, 5, 56, 95),
(179, 5, 57, 94),
(180, 5, 59, 76),
(181, 5, 60, 53),
(182, 5, 63, 91),
(183, 5, 65, 53),
(184, 5, 69, 80),
(185, 5, 70, 77),
(186, 5, 71, 57),
(187, 5, 75, 65),
(188, 5, 76, 90),
(189, 5, 77, 85),
(190, 5, 78, 67),
(191, 6, 1, 70),
(192, 6, 6, 87),
(193, 6, 7, 58),
(194, 6, 13, 56),
(195, 6, 17, 52),
(196, 6, 18, 58),
(197, 6, 19, 92),
(198, 6, 24, 73),
(199, 6, 25, 55),
(200, 6, 27, 80),
(201, 6, 30, 56),
(202, 6, 33, 79),
(203, 6, 34, 82),
(204, 6, 35, 63),
(205, 6, 36, 98),
(206, 6, 37, 63),
(207, 6, 40, 68),
(208, 6, 42, 64),
(209, 6, 44, 83),
(210, 6, 45, 54),
(211, 6, 47, 86),
(212, 6, 49, 86),
(213, 6, 51, 88),
(214, 6, 53, 70),
(215, 6, 55, 53),
(216, 6, 56, 79),
(217, 6, 57, 85),
(218, 6, 59, 53),
(219, 6, 60, 75),
(220, 6, 63, 74),
(221, 6, 65, 89),
(222, 6, 69, 81),
(223, 6, 70, 77),
(224, 6, 71, 70),
(225, 6, 75, 73),
(226, 6, 76, 92),
(227, 6, 77, 88),
(228, 6, 78, 71),
(229, 7, 1, 100),
(230, 7, 6, 66),
(231, 7, 7, 76),
(232, 7, 13, 79),
(233, 7, 17, 51),
(234, 7, 18, 51),
(235, 7, 19, 96),
(236, 7, 24, 56),
(237, 7, 25, 52),
(238, 7, 27, 82),
(239, 7, 30, 67),
(240, 7, 33, 81),
(241, 7, 34, 81),
(242, 7, 35, 79),
(243, 7, 36, 98),
(244, 7, 37, 72),
(245, 7, 40, 84),
(246, 7, 42, 66),
(247, 7, 44, 86),
(248, 7, 45, 93),
(249, 7, 47, 72),
(250, 7, 49, 95),
(251, 7, 51, 92),
(252, 7, 53, 63),
(253, 7, 55, 70),
(254, 7, 56, 72),
(255, 7, 57, 92),
(256, 7, 59, 87),
(257, 7, 60, 71),
(258, 7, 63, 58),
(259, 7, 65, 56),
(260, 7, 69, 71),
(261, 7, 70, 83),
(262, 7, 71, 98),
(263, 7, 75, 51),
(264, 7, 76, 53),
(265, 7, 77, 98),
(266, 7, 78, 92),
(267, 8, 1, 68),
(268, 8, 6, 78),
(269, 8, 7, 66),
(270, 8, 13, 88),
(271, 8, 17, 94),
(272, 8, 18, 87),
(273, 8, 19, 81),
(274, 8, 24, 54),
(275, 8, 25, 82),
(276, 8, 27, 73),
(277, 8, 30, 76),
(278, 8, 33, 63),
(279, 8, 34, 71),
(280, 8, 35, 62),
(281, 8, 36, 82),
(282, 8, 37, 55),
(283, 8, 40, 74),
(284, 8, 42, 97),
(285, 8, 44, 64),
(286, 8, 45, 86),
(287, 8, 47, 83),
(288, 8, 49, 94),
(289, 8, 51, 72),
(290, 8, 53, 57),
(291, 8, 55, 75),
(292, 8, 56, 99),
(293, 8, 57, 53),
(294, 8, 59, 77),
(295, 8, 60, 68),
(296, 8, 63, 95),
(297, 8, 65, 58),
(298, 8, 69, 76),
(299, 8, 70, 81),
(300, 8, 71, 75),
(301, 8, 75, 94),
(302, 8, 76, 59),
(303, 8, 77, 62),
(304, 8, 78, 92),
(305, 9, 1, 91),
(306, 9, 6, 61),
(307, 9, 7, 67),
(308, 9, 13, 99),
(309, 9, 17, 78),
(310, 9, 18, 81),
(311, 9, 19, 81),
(312, 9, 24, 90),
(313, 9, 25, 81),
(314, 9, 27, 97),
(315, 9, 30, 97),
(316, 9, 33, 80),
(317, 9, 34, 96),
(318, 9, 35, 64),
(319, 9, 36, 76),
(320, 9, 37, 64),
(321, 9, 40, 59),
(322, 9, 42, 80),
(323, 9, 44, 69),
(324, 9, 45, 67),
(325, 9, 47, 75),
(326, 9, 49, 64),
(327, 9, 51, 89),
(328, 9, 53, 68),
(329, 9, 55, 86),
(330, 9, 56, 59),
(331, 9, 57, 57),
(332, 9, 59, 56),
(333, 9, 60, 58),
(334, 9, 63, 80),
(335, 9, 65, 83),
(336, 9, 69, 84),
(337, 9, 70, 65),
(338, 9, 71, 61),
(339, 9, 75, 62),
(340, 9, 76, 70),
(341, 9, 77, 61),
(342, 9, 78, 63),
(343, 10, 1, 69),
(344, 10, 6, 64),
(345, 10, 7, 87),
(346, 10, 13, 96),
(347, 10, 17, 91),
(348, 10, 18, 56),
(349, 10, 19, 91),
(350, 10, 24, 72),
(351, 10, 25, 75),
(352, 10, 27, 58),
(353, 10, 30, 100),
(354, 10, 33, 67),
(355, 10, 34, 63),
(356, 10, 35, 58),
(357, 10, 36, 61),
(358, 10, 37, 63),
(359, 10, 40, 89),
(360, 10, 42, 93),
(361, 10, 44, 87),
(362, 10, 45, 78),
(363, 10, 47, 97),
(364, 10, 49, 79),
(365, 10, 51, 97),
(366, 10, 53, 61),
(367, 10, 55, 91),
(368, 10, 56, 66),
(369, 10, 57, 100),
(370, 10, 59, 85),
(371, 10, 60, 90),
(372, 10, 63, 76),
(373, 10, 65, 70),
(374, 10, 69, 73),
(375, 10, 70, 68),
(376, 10, 71, 51),
(377, 10, 75, 85),
(378, 10, 76, 95),
(379, 10, 77, 62),
(380, 10, 78, 98),
(381, 11, 1, 71),
(382, 11, 6, 66),
(383, 11, 7, 99),
(384, 11, 13, 64),
(385, 11, 17, 69),
(386, 11, 18, 87),
(387, 11, 19, 86),
(388, 11, 24, 80),
(389, 11, 25, 58),
(390, 11, 27, 52),
(391, 11, 30, 60),
(392, 11, 33, 75),
(393, 11, 34, 53),
(394, 11, 35, 85),
(395, 11, 36, 95),
(396, 11, 37, 94),
(397, 11, 40, 80),
(398, 11, 42, 74),
(399, 11, 44, 77),
(400, 11, 45, 67),
(401, 11, 47, 57),
(402, 11, 49, 52),
(403, 11, 51, 72),
(404, 11, 53, 89),
(405, 11, 55, 73),
(406, 11, 56, 60),
(407, 11, 57, 87),
(408, 11, 59, 80),
(409, 11, 60, 75),
(410, 11, 63, 85),
(411, 11, 65, 63),
(412, 11, 69, 71),
(413, 11, 70, 78),
(414, 11, 71, 85),
(415, 11, 75, 84),
(416, 11, 76, 69),
(417, 11, 77, 63),
(418, 11, 78, 55),
(419, 12, 1, 68),
(420, 12, 6, 61),
(421, 12, 7, 97),
(422, 12, 13, 60),
(423, 12, 17, 89),
(424, 12, 18, 82),
(425, 12, 19, 57),
(426, 12, 24, 87),
(427, 12, 25, 94),
(428, 12, 27, 59),
(429, 12, 30, 88),
(430, 12, 33, 96),
(431, 12, 34, 62),
(432, 12, 35, 85),
(433, 12, 36, 66),
(434, 12, 37, 57),
(435, 12, 40, 69),
(436, 12, 42, 67),
(437, 12, 44, 73),
(438, 12, 45, 60),
(439, 12, 47, 54),
(440, 12, 49, 73),
(441, 12, 51, 92),
(442, 12, 53, 54),
(443, 12, 55, 80),
(444, 12, 56, 75),
(445, 12, 57, 88),
(446, 12, 59, 72),
(447, 12, 60, 68),
(448, 12, 63, 80),
(449, 12, 65, 96),
(450, 12, 69, 93),
(451, 12, 70, 82),
(452, 12, 71, 59),
(453, 12, 75, 92),
(454, 12, 76, 99),
(455, 12, 77, 93),
(456, 12, 78, 99),
(457, 13, 1, 61),
(458, 13, 6, 53),
(459, 13, 7, 66),
(460, 13, 13, 54),
(461, 13, 17, 67),
(462, 13, 18, 93),
(463, 13, 19, 64),
(464, 13, 24, 89),
(465, 13, 25, 69),
(466, 13, 27, 96),
(467, 13, 30, 56),
(468, 13, 33, 99),
(469, 13, 34, 51),
(470, 13, 35, 68),
(471, 13, 36, 58),
(472, 13, 37, 86),
(473, 13, 40, 89),
(474, 13, 42, 56),
(475, 13, 44, 67),
(476, 13, 45, 70),
(477, 13, 47, 51),
(478, 13, 49, 56),
(479, 13, 51, 86),
(480, 13, 53, 88),
(481, 13, 55, 82),
(482, 13, 56, 63),
(483, 13, 57, 58),
(484, 13, 59, 87),
(485, 13, 60, 63),
(486, 13, 63, 68),
(487, 13, 65, 51),
(488, 13, 69, 72),
(489, 13, 70, 60),
(490, 13, 71, 77),
(491, 13, 75, 63),
(492, 13, 76, 98),
(493, 13, 77, 76),
(494, 13, 78, 91);
